[{"name":"theme_info","theme_name":"Tea_Tea","theme_author":"Halothemes","theme_version":"1.0.0","theme_documentation_url":"https:\/\/help.shopify.com\/manual\/using-themes\/themes-by-shopify\/debut","theme_support_url":"https:\/\/www.halothemes.com\/support\/"},{"name":"Welcome","settings":[{"type":"paragraph","content":"Theme settings allow designers to provide an easy way for any user to customize the look and feel of their shop without having to delve into HTML or CSS code. Please see our [help page on theme settings](http:\/\/docs.shopify.com\/themes\/theme-templates\/settings) to learn more about how you can make your theme customizable."}]},{"name":"FontSize & Typography","settings":[{"type":"header","content":"General"},{"type":"header","content":"Header Font"},{"type":"font_picker","id":"type_header_font","label":"Font","default":"rajdhani_n6"},{"type":"range","id":"type_header_base_size","label":"Fonts Size:","default":14,"min":10,"max":30,"step":1,"unit":"px"},{"type":"range","id":"logo_size","label":"Logo Size (Text):","default":28,"min":10,"max":36,"step":1,"unit":"px"},{"type":"header","content":"Body Font"},{"type":"font_picker","id":"type_base_font","label":"Font","default":"arimo_n4"},{"type":"range","id":"type_base_size","label":"Fonts size","default":12,"min":12,"max":20,"step":1,"unit":"px"},{"type":"header","content":"Headings Font"},{"type":"font_picker","id":"type_heading_font","label":"Font","default":"rajdhani_n7"},{"type":"range","id":"type_heading_size","label":"Heading base size","default":30,"min":20,"max":40,"step":1,"unit":"px"}]},{"name":"General","settings":[{"type":"header","content":"Favicon"},{"type":"image_picker","id":"favicon","label":"Favicon image","info":"Will be scaled down to 32 x 32px"},{"type":"header","content":"Open Graph Share"},{"type":"checkbox","id":"enable_opengraph","label":"Enable Open Graph?","default":true},{"type":"image_picker","id":"image_share","label":"Image Share Homepage","info":"Minimum size: 200x200"},{"type":"header","content":"Back To Top"},{"type":"checkbox","id":"enable_btt","label":"Enable Back to Top Button?","default":false},{"type":"header","content":"Theme Layout"},{"type":"header","content":"Header layout"},{"type":"select","id":"header_layout","label":"Header Layout","default":"header_1","options":[{"value":"header_1","label":"Header Default"}]},{"type":"checkbox","id":"enable_header_effect","label":"Enable Header Effect","default":true},{"type":"header","content":"Footer layout"},{"type":"select","id":"footer_layout","label":"Footer Layout","default":"footer_1","options":[{"value":"footer_1","label":"footer Default"}]},{"type":"header","content":"Product Page"},{"type":"select","id":"product_layout","label":"Page Product","default":"layout-1","options":[{"value":"layout-1","label":"Layout Default"}]}]},{"name":"Product","settings":[{"type":"header","content":"Setting General"},{"type":"range","id":"product_card_height_procent","min":50,"max":150,"step":1,"label":"Product Image height (in % of width)","default":150},{"type":"checkbox","id":"terms_conditions","label":"Enable Terms and Conditions When Add To Cart?","default":true},{"type":"text","id":"terms_conditions_text","label":"Text","default":"I agree with the"},{"type":"text","id":"terms_conditions_text_link","label":"Text Link","default":"Terms & conditions"},{"type":"richtext","id":"terms_conditions_content","label":"Content"},{"type":"checkbox","id":"option_swatch","label":"Enable Swatch Option?","default":true},{"type":"text","id":"option_color_swatch","label":"Use Color Swatch For Option","default":"Color"},{"type":"header","content":"Dropdown Cart"},{"type":"select","id":"redirect_button","label":"Redirect Continue Shopping button","default":"link_to","options":[{"value":"link_to","label":"Input link for button"},{"value":"go_back","label":"Go back to previous page"}]},{"type":"url","id":"link_to_redirect","label":"Link","info":"Use for Option: Input link for button"},{"type":"header","content":"Product Card"},{"type":"checkbox","id":"show_product_switch_image","label":"Enable Switch Image","default":true},{"type":"checkbox","id":"show_product_wishlist","label":"Enable wishlist?","default":true},{"type":"checkbox","id":"show_product_quickview","label":"Enable Quick View?","default":true},{"type":"checkbox","id":"show_product_button","label":"Enable Product Button Add To Cart","default":true},{"type":"checkbox","id":"show_product_vendor","label":"Enable Product Vendors?","default":true},{"type":"checkbox","id":"show_product_title","label":"Enable Product Title?","default":true},{"type":"select","id":"product_title_type","label":"Title text transform","options":[{"value":"unset","label":"Normal"},{"value":"capitalize","label":"Capitalize"},{"value":"uppercase","label":"Uppercase"}],"default":"unset"},{"type":"select","id":"product_title_line_text","label":"Line text","options":[{"value":"1","label":"1"},{"value":"2","label":"2"},{"value":"3","label":"3"},{"value":"full","label":"Full"}],"default":"1"},{"type":"checkbox","id":"show_product_reviews","label":"Enable Product Reviews?","default":true,"info":"(Please install this [(product review app)](https:\/\/apps.shopify.com\/product-reviews) to activate function)"},{"type":"checkbox","id":"show_product_price","label":"Enable Product Price?","default":true},{"type":"checkbox","id":"show_product_variant","label":"Enable Product Variant","default":true},{"type":"checkbox","id":"show_product_color_img","label":"Enable the ability to get PNG image for custom color","default":false},{"type":"select","id":"show_product_variant_img","label":"Color Swatch:","options":[{"value":"normal","label":"Color for Swatch"},{"value":"variant","label":"Variant images for Swatch"}],"default":"normal"},{"type":"header","content":"Product Badge"},{"type":"range","id":"time_show_badgeNew","label":"Label New: Time Show","max":50,"min":1,"step":1,"unit":"Day","default":30},{"type":"range","id":"product_show_badgeNew","label":"Number Products Show Label New","max":100,"min":5,"step":5,"unit":"Qty","default":30},{"type":"select","id":"type_label_sale","label":"Label Sale: Type","default":"text","options":[{"value":"text","label":"Normal Label"},{"value":"number","label":"% Sale"}]},{"type":"checkbox","id":"enable_label_bundle","label":"Enable 'Bundle' Label","default":true},{"type":"header","content":"Product Quick View"},{"type":"checkbox","id":"enable_zoom_qv","label":"Enable image zoom","default":true},{"type":"text","id":"zoom_qv_text","label":"Zoom text","default":"Zoom the image with the mouse"},{"type":"checkbox","id":"enable_product_reviews_qv","label":"Enable Product Reviews","default":true,"info":"(Please install this [(product review app)](https:\/\/apps.shopify.com\/product-reviews) to activate function)"},{"type":"checkbox","id":"enable_vendor_qv","label":"Enable Product Vendor","default":true},{"type":"checkbox","id":"enable_product_sku_qv","label":"Enable Product SKU","default":true},{"type":"checkbox","id":"enable_product_availability_qv","label":"Enable Product Inventory Availability","default":true},{"type":"checkbox","id":"enable_countdown_qv","label":"Enable Countdown?","default":true,"info":"Please install app Metafields Guru and setting like Document"},{"type":"select","id":"option_countdown","label":"Option","options":[{"value":"all_product","label":"Use for all products"},{"value":"different_product","label":"Use for different product"}],"default":"all_product"},{"type":"text","id":"count_down_timer","label":"Deal Time","default":"2020\/12\/25 22:11:00","info":"Use for countdown of all products, Ex: 2020\/12\/25 22:11:00 "},{"type":"checkbox","id":"enable_size_chart","label":"Enable Size Chart Popup?","default":true},{"type":"select","id":"size_chart","label":"Using different size charts for products by following","options":[{"value":"none","label":"All Product"},{"value":"product_vendor","label":"Product Vendor"},{"value":"product_type","label":"Product Type"},{"value":"different","label":"Each of size chart for each of product"}],"default":"none","info":"Default Value: All Products"},{"type":"richtext","id":"size_chart_text","label":"Text"},{"type":"image_picker","id":"custom_size_chart","label":"Size Chart Image","info":"Select Image if you would like to show the same Size Chart for All Products"},{"type":"checkbox","id":"enable_short_description_qv","label":"Enable Short Description","default":true},{"type":"range","id":"number_words_qv","label":"Short Description (Number Words)","min":1,"max":50,"step":1,"default":25},{"type":"checkbox","id":"enable_quantity_selector_qv","label":"Enable Quantity Selector","default":true},{"type":"checkbox","id":"enable_subtotal_selector_qv","label":"Enable Subtotal Selector","default":true},{"type":"checkbox","id":"enable_product_wishlist_qv","label":"Enable Product Wishlist","default":true},{"type":"checkbox","id":"enable_product_socialShare_qv","label":"Enable Social Share?","default":true},{"type":"textarea","id":"embed_code_share","label":"Share Icon Embed Code"},{"type":"checkbox","id":"enable_customers_view_qv","label":"Enable Customers Viewing?","default":true},{"type":"textarea","id":"number_view_qv","label":"Number of customers viewing","default":"283, 100, 59, 11, 14, 185, 193, 165, 50, 38, 99, 112, 46, 10, 125, 200, 250, 18","info":"Please enter the number"},{"type":"text","id":"title_view_qv","label":"Title","default":"customers are viewing this product"},{"type":"checkbox","id":"enable_sold_in_qv","label":"Enabled Products Has Been Sold?","default":true},{"type":"textarea","id":"item_prd_qv","label":"The number of products","default":"3,5,6,7,8,10,12,15"},{"type":"text","id":"item_prds_qv","label":"Text Sold in","default":"sold in last"},{"type":"textarea","id":"hours_prs_qv","label":"Hours","default":"10,15,16,17,18,20,25,35"},{"type":"text","id":"item_hours_qv","label":"Text Hours","default":"hours"},{"type":"checkbox","id":"trust_img_enable","label":"Enable Secure Shopping Guarantee Image?","default":true},{"type":"image_picker","id":"trust_img","label":"Image Trust"},{"type":"checkbox","id":"enable_hot_stock_qv","label":"Enable hot stock","default":true},{"type":"text","id":"number_stock_qv","label":"Maximum inventory","default":"3"}]},{"name":"Add On Multiple Language","settings":[{"type":"header","content":"Add On Multiple Language","info":"Switch Language - Please install app Translation Lab and setting like Document"},{"type":"checkbox","id":"enable_language","label":"Enable Multiple Language","default":true},{"type":"text","id":"lange_1","label":"Language 1","default":"en"},{"type":"text","id":"lange_1_icon","label":"Language 1 Icon","info":"SVG Icon or Font Awesome Icon [(Where do I find SVG)](https:\/\/flaticon.com)"},{"type":"text","id":"lange_2","label":"Language 2","default":"de"},{"type":"text","id":"lange_2_icon","label":"Language 2 Icon"},{"type":"text","id":"lange_3","label":"Language 3"},{"type":"text","id":"lange_3_icon","label":"Language 3 Icon"},{"type":"text","id":"lange_4","label":"Language 4"},{"type":"text","id":"lange_4_icon","label":"Language 4 Icon"},{"type":"text","id":"lange_5","label":"Language 5"},{"type":"text","id":"lange_5_icon","label":"Language 5 Icon"}]},{"name":"Add On Multiple Currency","settings":[{"type":"header","content":"Add On Multiple Currency"},{"type":"checkbox","id":"enable_shopify_payments_currencies","label":"Enalble Shopify Payments?","info":"* Only avaiable for store has Shopify Payments. Link [here](https:\/\/help.shopify.com\/en\/manual\/payments\/shopify-payments\/multi-currency\/setup). Don't choose both of 3 options. Don't choose Shopify payment with other options.","default":false},{"type":"checkbox","id":"enable_multiple_currencies","label":"Enable Multiple Currencies?","default":true},{"type":"checkbox","id":"enable_auto_currency","label":"Enable Automatic currency?","default":false},{"type":"text","id":"currency_1_unit","label":"Currency unit 1 Text","default":"USD"},{"type":"text","id":"currency_1_icon","label":"Currency unit 1 Icon","info":"SVG Icon or Font Awesome Icon [(Where do I find SVG)](https:\/\/flaticon.com)"},{"type":"text","id":"currency_2_unit","label":"Currency unit 2 Text","default":"EUR"},{"type":"text","id":"currency_2_icon","label":"Currency unit 2 Icon"},{"type":"text","id":"currency_3_unit","label":"Currency unit 3 Text"},{"type":"text","id":"currency_3_icon","label":"Currency unit 3 Icon"},{"type":"text","id":"currency_4_unit","label":"Currency unit 4 Text"},{"type":"text","id":"currency_4_icon","label":"Currency unit 4 Icon"},{"type":"text","id":"currency_5_unit","label":"Currency unit 5 Text"},{"type":"text","id":"currency_5_icon","label":"Currency unit 5 Icon"},{"type":"text","id":"currency_6_unit","label":"Currency unit 6 Text"},{"type":"text","id":"currency_6_icon","label":"Currency unit 6 Icon"},{"type":"text","id":"currency_7_unit","label":"Currency unit 7 Text"},{"type":"text","id":"currency_7_icon","label":"Currency unit 7 Icon"},{"type":"text","id":"currency_8_unit","label":"Currency unit 8 Text"},{"type":"text","id":"currency_8_icon","label":"Currency unit 8 Icon"},{"type":"text","id":"currency_9_unit","label":"Currency unit 9 Text"},{"type":"text","id":"currency_9_icon","label":"Currency unit 9 Icon"},{"type":"text","id":"currency_10_unit","label":"Currency unit 10 Text"},{"type":"text","id":"currency_10_icon","label":"Currency unit 10 Icon"},{"type":"paragraph","content":"Separate your currency codes with a space. Use the ISO 4217 3-letter currency code. Click [here](http:\/\/www.xe.com\/iso4217.php) for a complete list of currency codes. Example: CAD USD."},{"type":"paragraph","content":"* For this functionality to work in your shop, you are required to edit your money formats as per [these instructions](http:\/\/wiki.shopify.com\/How_to_Show_Multiple_Currencies#Do_tell_where_the_money_is) (“Do tell where the money is”)."}]},{"name":"Add On Cart Notification","settings":[{"type":"header","content":"Add On Cart Notification","info":"Will be shown when customers add product to cart"},{"type":"checkbox","id":"enable_ajax","label":"Enable notification when item is added to cart","default":true}]},{"name":"Add On Search Form","settings":[{"type":"header","content":"Add On Search Form","info":"Custom Search form in Header"},{"type":"checkbox","id":"enable-search-form","label":"Enable Add on Search?","default":true},{"type":"header","content":"Search Trending"},{"type":"checkbox","id":"enable-search-trending","label":"Enable Search Trending?","default":true},{"type":"text","id":"search-trending-title","label":"Title","default":"trending","info":"==================="},{"type":"text","id":"search-trending-item-1","label":"Search Item 1","default":"sample"},{"type":"text","id":"search-trending-item-2","label":"Search Item 2","default":"dempus"},{"type":"text","id":"search-trending-item-3","label":"Search Item 3","default":"magnis"},{"type":"text","id":"search-trending-item-4","label":"Search Item 4","default":"loremous"},{"type":"text","id":"search-trending-item-5","label":"Search Item 5","default":"naminos"},{"type":"text","id":"search-trending-item-6","label":"Search Item 6","default":"dinterdum"},{"type":"text","id":"search-trending-item-7","label":"Search Item 7","default":"dinterdum"},{"type":"text","id":"search-trending-item-8","label":"Search Item 8","default":"dinterdum"},{"type":"text","id":"search-trending-item-9","label":"Search Item 9","default":"dinterdum"},{"type":"text","id":"search-trending-item-10","label":"Search Item 10","default":"dinterdum"},{"type":"header","content":"Popular Products"},{"type":"checkbox","id":"enable-search-products","label":"Enable Products Carousel","default":true},{"type":"text","id":"search-products-title","label":"Title","default":"Popular Products"},{"type":"text","id":"link_search-title","label":"Title Link View","default":"View all"},{"type":"collection","id":"search-products-list","label":"Collection to use"},{"type":"range","id":"popular_products_limit","label":"Number of new products to show","min":1,"max":6,"step":1,"default":3}]},{"name":"Add On Newsletter Popup","settings":[{"type":"header","content":"Newsletter Popup","info":"Will be shown when customers come to your site for the first time"},{"type":"checkbox","id":"enable_popup_newsletter","label":"Enable Add On Newsletter Popup?","default":true},{"type":"checkbox","id":"enable_popup_newsletter_mb","label":"Enable Add On Newsletter Popup in Mobile?","default":true},{"type":"header","content":"settings"},{"type":"select","id":"when_to_show","label":"When To Show","options":[{"value":"first_time","label":"With 'Don't show again' Option"},{"value":"all_the_time","label":"Without 'Don't show again' Option"}],"default":"first_time"},{"type":"range","id":"popup_newsletter_expire","label":"Times shows again (days)","max":10,"min":1,"step":1,"unit":"day","default":1},{"type":"range","id":"popup_newsletter_delay","label":"Delay Times (seconds)","max":15,"min":1,"step":1,"unit":"sec","default":10},{"type":"image_picker","id":"newsletter_image","label":"Upload a new newsletter image"},{"type":"text","id":"popup_newsletter_title","label":"Newsletter Popup Title","default":"Get on the list"},{"type":"textarea","id":"popup_newsletter_des","label":"Newsletter Popup Descriptions","default":"Enter your email below to receive special offers, exclusive discounts and many more!"}]},{"name":"Add On Someone Purchased","settings":[{"type":"header","content":"Someone Purchased"},{"type":"checkbox","id":"enable_someone_purchased","label":"Enable Add On Someone Purchased?","default":true},{"type":"checkbox","id":"enable_someone_purchased_mb","label":"Enable Add On Someone Purchased in Mobile?","default":true},{"type":"header","content":"settings"},{"type":"radio","id":"show_someone_purchased","label":"Someone Purchased Modal on the","options":[{"value":"left","label":"Left"},{"value":"right","label":"Right"}],"default":"left","info":"Only Desktop"},{"type":"range","id":"autorotate_speed","label":"Change slides every","max":15,"min":3,"step":1,"unit":"s","default":8},{"type":"text","id":"text","label":"Text Someone recently bought","default":"Someone recently bought a"},{"type":"header","content":"Product 1"},{"type":"product","id":"someone_recently_product_1","label":"Select Product"},{"type":"text","id":"from_ago_1","default":"20 minutes ago from Blackburn, UK","label":"Time and Location Text"},{"type":"header","content":"Product 2"},{"type":"product","id":"someone_recently_product_2","label":"Select Product"},{"type":"text","id":"from_ago_2","default":"20 minutes ago from Blackburn, UK","label":"Time and Location Text"},{"type":"header","content":"Product 3"},{"type":"product","id":"someone_recently_product_3","label":"Select Product"},{"type":"text","id":"from_ago_3","default":"20 minutes ago from Blackburn, UK","label":"Time and Location Text"},{"type":"header","content":"Product 4"},{"type":"product","id":"someone_recently_product_4","label":"Select Product"},{"type":"text","id":"from_ago_4","default":"20 minutes ago from Blackburn, UK","label":"Time and Location Text"},{"type":"header","content":"Product 5"},{"type":"product","id":"someone_recently_product_5","label":"Select Product"},{"type":"text","id":"from_ago_5","default":"20 minutes ago from Blackburn, UK","label":"Time and Location Text"},{"type":"header","content":"Product 6"},{"type":"product","id":"someone_recently_product_6","label":"Select Product"},{"type":"text","id":"from_ago_6","label":"Time and Location Text"},{"type":"header","content":"Product 7"},{"type":"product","id":"someone_recently_product_7","label":"Select Product"},{"type":"text","id":"from_ago_7","label":"Time and Location Text"},{"type":"header","content":"Product 8"},{"type":"product","id":"someone_recently_product_8","label":"Select Product"},{"type":"text","id":"from_ago_8","label":"Time and Location Text"},{"type":"header","content":"Custom Color"},{"type":"color","id":"color_someone_purchased","label":"Text Color","default":"#787878"},{"type":"color","id":"color_link_someone_purchased","label":"Link Color","default":"#191919"},{"type":"color","id":"color_bg_someone_purchased","label":"background Color","default":"#ffffff"}]},{"name":"Add On General Data Protection Regulation","settings":[{"type":"header","content":"General Data Protection Regulation","info":"Will be show GDPR on Header"},{"type":"checkbox","id":"enable_gdpr","label":"Enable Add on GDPR?","default":true},{"type":"checkbox","id":"enable_gdpr_mb","label":"Enable Add on GDPR in Mobile?","default":true},{"type":"header","content":"settings"},{"type":"radio","id":"show_gdpr","label":"GDPR Modal on the","options":[{"value":"left","label":"Left"},{"value":"right","label":"Right"}],"default":"left","info":"Only Desktop"},{"type":"header","content":"settings"},{"type":"richtext","id":"gdpr_description","label":"description","default":"<p>Gymuso Apparel uses cookies to offer you a smoother and more personalised experience. By continuing we assume that you are consenting to all cookies on our website. Read more<\/p>"}]},{"name":"Add On Recently Viewed Product Popup","settings":[{"type":"header","content":"Recently Viewed Product Popup"},{"type":"checkbox","id":"enable_recently_viewed_product","label":"Enable Recently Viewed Product?","default":false},{"type":"checkbox","id":"enable_recently_viewed_product_mb","label":"Enable Recently Viewed Product in Mobile?","default":true}]},{"name":"Add On Progress Bar Shipping","settings":[{"type":"header","content":"Progress Bar Shipping","info":"Will be shown in Cart Page and Side Cart"},{"type":"checkbox","id":"enable_progress_bar_shipping","label":"Enable Progress Bar Shipping?","default":false},{"type":"checkbox","id":"enable_progress_bar_shipping_mb","label":"Enable Progress Bar Shipping in Mobile?","default":true},{"type":"text","id":"shipping_price","label":"Total price of order to offer free shipping","default":"1001"}]},{"name":"Add On Before You Leave","settings":[{"type":"header","content":"Before You Leave","info":"Will be shown when customer don't use the website for a time"},{"type":"checkbox","id":"enable_before_you_leave","label":"Enable Before You Leave","default":false},{"type":"checkbox","id":"enable_before_you_leave_mb","label":"Enable Before You Leave in Mobile?","default":true},{"type":"range","id":"before_you_leave_expire","label":"Times Shows Add On (minutes)","max":100,"min":1,"step":1,"unit":"Min","default":15},{"type":"header","content":"Content"},{"type":"text","id":"before_you_leave_logo_text","label":"Logo text"},{"type":"image_picker","id":"before_you_leave_logo","label":"Logo Image"},{"type":"image_picker","id":"before_you_leave_bg","label":"Background image"},{"type":"richtext","id":"before_you_leave_des","label":"Content"},{"type":"header","content":"Recommended Products"},{"type":"collection","id":"before_you_leave_products","label":"Collection to use"}]},{"name":"Add On Compare Products","settings":[{"type":"header","content":"Compare Products","info":"Compare different products - Only Show in Collection Page"},{"type":"checkbox","id":"enable_compare_product","label":"Enable Compare Products","default":false}]},{"name":"Ask An Expert Popup","settings":[{"type":"checkbox","id":"enable_ask_an_expert","label":"Enable","default":true},{"type":"image_picker","id":"image-ask","label":"Upload image Popup","info":"170 x 115px recommended"},{"type":"text","id":"ask_an_expert_header","label":"Header","default":"Have Questions?"},{"type":"image_picker","id":"image_logo_ask","label":"Upload image Logo","info":"130 x 26px recommended"},{"type":"textarea","id":"ask_an_expert_title","label":"Title","default":"Ask the expert anything on Glasso Store"},{"type":"textarea","id":"ask_an_expert_des","label":"Descriptions","default":"We will follow up with you via email within 24-36 hours. Please answer the following questionnaire:"},{"type":"header","content":"Do You Need"},{"type":"checkbox","id":"enable_ask_do_you_need","label":"Enable","default":true},{"type":"textarea","id":"ask_do_you_need","label":"Label","default":"Do You Need"},{"type":"textarea","id":"ask_do_you_need_1","label":"Infor 1","default":"Pricing"},{"type":"textarea","id":"ask_do_you_need_2","label":"Infor 2","default":"Answers"},{"type":"textarea","id":"ask_do_you_need_3","label":"Infor 3","default":"Both"},{"type":"header","content":"Message"},{"type":"textarea","id":"ask_form_mess","label":"Label","default":"What can i help you with today ?"},{"type":"header","content":"How would you like me to contact you?"},{"type":"checkbox","id":"enable_how_would_you_like_me_to_contact_you","label":"Enable","default":true},{"type":"textarea","id":"how_would_you_like_me_to_contact_you","label":"Label","default":"How would you like me to contact you?"},{"type":"textarea","id":"contact_with_you_1","label":"Infor 1","default":"Phone"},{"type":"textarea","id":"contact_with_you_2","label":"Infor 2","default":"Email"},{"type":"textarea","id":"contact_with_you_3","label":"Infor 3","default":"Both"}]},{"name":"Social media","settings":[{"type":"header","content":"Social sharing image"},{"type":"image_picker","id":"share_image","label":"Image","info":"Shown when sharing a link on social media. [Learn more](https:\/\/help.shopify.com\/manual\/using-themes\/troubleshooting\/showing-social-media-thumbnail-images\/) about image thumbnails."},{"type":"header","content":"Social accounts"},{"type":"text","id":"social_twitter_link","label":"Twitter","info":"https:\/\/twitter.com\/shopify"},{"type":"text","id":"social_messenger_link","label":"Messenger","info":"https:\/\/messenger.com\/shopify"},{"type":"text","id":"social_facebook_link","label":"Facebook","info":"https:\/\/facebook.com\/shopify"},{"type":"text","id":"social_pinterest_link","label":"Pinterest","info":"https:\/\/pinterest.com\/shopify"},{"type":"text","id":"social_instagram_link","label":"Instagram","info":"http:\/\/instagram.com\/shopify"},{"type":"text","id":"social_tumblr_link","label":"Tumblr","info":"http:\/\/shopify.tumblr.com"},{"type":"text","id":"social_snapchat_link","label":"Snapchat","info":"https:\/\/www.snapchat.com\/add\/shopify"},{"type":"text","id":"social_youtube_link","label":"YouTube","info":"https:\/\/www.youtube.com\/shopify"},{"type":"text","id":"social_vimeo_link","label":"Vimeo","info":"https:\/\/vimeo.com\/shopify"}]},{"name":"Colors (General)","settings":[{"type":"header","content":"Body Colors"},{"type":"color","id":"color_body_text","label":"Body Text","default":"#787878"},{"type":"color","id":"color_url","label":"Link Color","default":"#787878"},{"type":"color","id":"color_url_hover","label":"Link Color Hover","default":"#191919"},{"type":"color","id":"color_body_bg","label":"Body Background","default":"#ffffff"},{"type":"header","content":"Section Color (Homepage)"},{"type":"color","id":"color_heading_text","label":"Headings color","default":"#191919"},{"type":"color","id":"color_des_text","label":"Description color","default":"#787878"},{"type":"color","id":"color_section_border","label":"Border Color","default":"#e2e4e8","info":"Default Value: #e2e4e8"},{"type":"color","id":"color_section_bg_gray","label":"Background Color Custom","default":"#f5f5f5","info":"Default Value: #f5f5f5"},{"type":"header","content":"Breadcrumb"},{"type":"color","id":"color_breadcrumb_bg","label":"Background Color","default":"#ffffff"},{"type":"color","id":"color_breadcrumb_text","label":"Text Color","default":"#787878"},{"type":"header","content":"Form fields"},{"type":"color","id":"color_text_field_text","label":"Text","default":"#191919"},{"type":"color","id":"color_text_field_border","label":"Borders","default":"#333333"},{"type":"color","id":"color_text_field","label":"Background","default":"#ffffff"},{"type":"header","content":"Buttons Primary"},{"type":"color","id":"color_button_text","label":"Primary Buttons Text","default":"#ffffff"},{"type":"color","id":"color_button_border","label":"Primary Buttons Border","default":"#1e1e1e"},{"type":"color","id":"color_button_background","label":"Primary Buttons Background","default":"#1e1e1e"},{"type":"header","content":"Buttons Secondary"},{"type":"color","id":"color_button_secondary_text","label":"Secondary Buttons Text","default":"#191919"},{"type":"color","id":"color_button_secondary_border","label":"Secondary Buttons Border","default":"#d2d2d2"},{"type":"color","id":"color_button_secondary_background","label":"Secondary Buttons Background","default":"#ffffff"},{"type":"header","content":"Buttons Checkout"},{"type":"color","id":"color_button_checkout_text","label":"Checkout Buttons Text","default":"#ffffff"},{"type":"color","id":"color_button_checkout_border","label":"Checkout Buttons Border","default":"#ef9ba6"},{"type":"color","id":"color_button_checkout_background","label":"Checkout Buttons Background","default":"#ef9ba6"}]},{"name":"Color (Header)","settings":[{"type":"header","content":"Announcement Bar"},{"type":"color","id":"color_announcement_bar","label":"Announcement Bar Color","default":"#191919"},{"type":"color","id":"color_bg_announcement_bar","label":"Announcement Bar Background","default":"#d2e0df"},{"type":"header","content":"Header"},{"type":"color","id":"color_text_header","label":"Text Color","default":"#191919"},{"type":"color","id":"color_bg_header","label":" Background Color","default":"#ffffff"},{"type":"header","content":"Search Form"},{"type":"color","id":"color_search_bar","label":"Search Form Color","default":"#191919"},{"type":"header","content":"Header Cart"},{"type":"color","id":"color_cart_countPill","label":"Cart Count Text","default":"#191919"},{"type":"color","id":"color_bg_cart_countPill","label":"Cart Count Background","default":"#ffffff"},{"type":"header","content":"Navigation label"},{"type":"color","id":"color_label_1","label":"Label 1 Color","default":"#ffffff"},{"type":"color","id":"color_bg_label_1","label":"Label 1 Background","default":"#d95949"},{"type":"color","id":"color_label_2","label":"Label 2 Color","default":"#ffffff"},{"type":"color","id":"color_bg_label_2","label":"Label 2 Background","default":"#f4ae4d"},{"type":"color","id":"color_label_3","label":"Label 3 Color","default":"#ffffff"},{"type":"color","id":"color_bg_label_3","label":"Label 3 Background","default":"#41aed6"},{"type":"header","content":"Dropdown Menu\/ Mega Menu"},{"type":"color","id":"dropdown_text","label":"Text Color","default":"#5a5a5a"},{"type":"color","id":"dropdown_text_hover","label":"Text Color Hover","default":"#000000"},{"type":"color","id":"dropdown_border","label":"Border Color","default":"#f5f5f5"},{"type":"color","id":"dropdown_background","label":"Background Color","default":"#ffffff"},{"type":"header","content":"Countdown Mega Menu"},{"type":"color","id":"countdown_text","label":"Text Color","default":"#881504"},{"type":"color","id":"countdown_bg","label":"background Color","default":"#f1dfd6"}]},{"name":"Color (Footer)","settings":[{"type":"header","content":"Footer middle"},{"type":"color","id":"color_footer_middle","label":"Text Color","default":"#191919"},{"type":"color","id":"color_title_footer_middle","label":"Title Color","default":"#191919"},{"type":"color","id":"color_bg_footer_middle","label":"Background Color","default":"#d2e0df"},{"type":"header","content":"Footer Bottom"},{"type":"color","id":"color_footer_bottom","label":"Text Color","default":"#191919"},{"type":"color","id":"color_bg_footer_bottom","label":"Background Color","default":"#d2e0df"}]},{"name":"Color (Products)","settings":[{"type":"header","content":"Product Card"},{"type":"color","id":"color_product_vendor","label":"Product vendor","default":"#787878"},{"type":"color","id":"color_product_title","label":"Product title","default":"#191919"},{"type":"color","id":"color_product_review","label":"Product review","default":"#ffc50a"},{"type":"color","id":"color_product_review_empty","label":"Product review (empty)","default":"#e4e4e4"},{"type":"color","id":"color_product_price","label":"Product price (default)","default":"#787878"},{"type":"color","id":"color_product_price_sale","label":"Product price (sale)","default":"#e13f3f"},{"type":"color","id":"color_product_price_presale","label":"Product price (pre-sale)","default":"#969696"},{"type":"color","id":"color_product_button_text","label":"Product Button Text","default":"#ffffff"},{"type":"color","id":"color_product_button_bg","label":"Product Button Background","default":"#000000"},{"type":"color","id":"color_product_button_border","label":"Product Button Border","default":"#000000"},{"type":"header","content":"Product Badge"},{"type":"color","id":"color_badge_text","label":"Custom badge text","default":"#ffffff"},{"type":"color","id":"color_badge_bg","label":"Custom badge background","default":"#191919"},{"type":"color","id":"color_new_badge_text","label":"New badge text","default":"#191919"},{"type":"color","id":"color_new_badge_bg","label":"New badge background","default":"#ffffff"},{"type":"color","id":"color_sale_badge_text","label":"Sale badge text","default":"#ffffff"},{"type":"color","id":"color_sale_badge_bg","label":"Sale badge background","default":"#f08584"},{"type":"color","id":"color_soldOut_badge_text","label":"Soldout badge text","default":"#ffffff"},{"type":"color","id":"color_soldOut_badge_bg","label":"Soldout badge background","default":"#c6c6c6"},{"type":"color","id":"color_bundle_badge_text","label":"Bundle badge text","default":"#ffffff"},{"type":"color","id":"color_bundle_badge_bg","label":"Bundle badge background","default":"#0d2d4d"}]}]