{"sections":{"16321237356a896dad":{"type":"slide-show","blocks":{"16321237356a896dad-0":{"type":"image","settings":{"image_slide":"shopify:\/\/shop_images\/slideshow-1.jpg","alignment":"left","enable_custom_position":false,"custom_horizontal":"40","custom_vertical":"30","enable_position_outside_image":false,"text_alignment":"center","enable_border_line":false,"padding_vertical":30,"content_width":475,"bg_color_content":"","border_color_content":"","profile_name":"","profile_name_color":"","profile_name_fs":20,"profile_name_fs_mb":20,"profile_name_fw":"normal","profile_title":"","profile_title_color":"","profile_title_fs":20,"profile_title_fs_mb":20,"profile_title_fw":"normal","profile_spacing_bottom":50,"sub_heading":"","letter_spacing_sub_title":"","font_size_sub_heading":30,"sub_heading_spacing_bottom":20,"font_weight_sub_heading":"400","border_sub_heading":"none","sub_title_position":"sub_title_above","color_sub_heading":"#ffffff","heading":"COSMOPOLIS","letter_spacing_heading":"","enable_border_heading":true,"font_style_heading":"normal","font_size_heading":40,"line_height_heading":40,"heading_spacing_bottom":20,"color_heading":"#232323","slide-des":"Quisquemos sodales suscipit tortor ditaemcos condimentum de cosmo lacus meleifend menean diverra loremous.","font_size_des":12,"des_spacing_bottom":35,"color_des":"#232323","sub_heading_mb":"","font_size_sub_heading_mb":20,"sub_heading_spacing_bottom_mb":20,"font_weight_sub_heading_mb":"400","border_sub_heading_mb":"none","color_sub_heading_mb":"#ffffff","heading_mb":"COSMOPOLIS","font_style_heading_mb":"normal","font_size_heading_mb":24,"line_height_heading_mb":24,"heading_spacing_bottom_mb":8,"color_heading_mb":"#ffffff","slide-des-mb":"Quisquemos sodales suscipit tortor ditaemcos condimentum de cosmo lacus meleifend menean diverra loremous.","font_size_des_mb":12,"des_spacing_bottom_mb":35,"color_des_mb":"#ffffff","enable_icon_button":false,"enable_button_link":false,"enable_underline":true,"font_size_link":36,"button_slide":"Shop Now","link":"shopify:\/\/collections\/new-in","button_style":"button","button_slide_2":"","link_2":"","min_width_banner_button":195,"color_button":"#ffffff","border_button":"#232323","bg_button":"#232323","bg_button_gradient":"","color_button_hover":"#232323","border_button_hover":"#232323","bg_button_hover":"#ffffff","bg_button_gradient_hover":"","lb_product_1":"","horizontal_pos_1":0,"vertical_pos_1":0,"lookbook_pos_1":"right","lb_product_2":"","horizontal_pos_2":0,"vertical_pos_2":0,"lookbook_pos_2":"right","lb_product_3":"","horizontal_pos_3":0,"vertical_pos_3":0,"lookbook_pos_3":"right"}}},"block_order":["16321237356a896dad-0"],"settings":{"container":"fullwidth","padding_full_width":0,"mg_top_desktop":0,"mg_top_tablet":0,"mg_top_mobile":0,"mg_bottom_desktop":0,"mg_bottom_tablet":0,"mg_bottom_mobile":0,"slideshow_background":"","slideshow_background_gradient":"","autoplay":true,"slideshow_speed":"5000","slideshow_transition":"true","dots":"true","dots_color":"#707979","dots_border_color":"#707979","dots_active_color":"rgba(0,0,0,0)","dots_active_border_color":"#505656","dots_direction":"bottom","dots_shape":"disc","position_slick_dots":"25px","dots_opacity":false,"arrow_active":true,"enable_custom_arrow":false,"arrow_width":35,"arrow_height":35,"arrow_size_icon":17,"arrow_color":"#666d6d","arrow_border_color":"#666d6d","arrow_bg_color":"rgba(0,0,0,0)","arrow_color_hover":"","arrow_border_color_hover":"","arrow_bg_color_hover":"","position_slick_arrow":"10%","position_vertical_slick_arrow":"50%","image_behavior":"zoom-in","video_height":"41.7%","video_height_mb":"41.7%","auto_playvideo":true,"enable_categories":false,"text_categories":"Shop by categories","title_color":"#ffffff","bg_title":"#fd6506","text_icon_color":"#202020","menu_category":"","enable_banner":false,"lookbook_style":"1","enable_lookbook_width":false,"lookbook_width":250,"dot_desktop_size":24,"dot_mobile_size":16,"dot_shadow_color":"#ffffff","dot_outer_color":"#ffffff","show_dot_number":false,"show_dot_number_mobile":false,"show_plus_icon":false,"dot_inner_color":"#000000","number_desktop_size":24,"number_mobile_size":16,"lookbook_truncate":"1"}},"163221535239da03ba":{"type":"spotlight-block","blocks":{"163221535239da03ba-0":{"type":"image","settings":{"enable_image":true,"title_align":"center","enable_absolute":true,"align_items":"center","align_items_spacing_top_bottom_position":0,"align_items_spacing_top_bottom_position_mb":0,"bg_color_content":"","align_items_spacing_top":40,"align_items_spacing_bottom":40,"align_items_spacing_lr":10,"sub_title":"","border_sub_title":false,"color_sub_title":"#232323","fontsize_sub_title":20,"font_weight_sub_title":"500","mg_bottom_sub_title":10,"title":"EDITOR’S PICK","color_title":"#ffffff","fontsize_title":16,"fontsize_title_mb":20,"font_weight_title":"500","enable_style_italic":false,"border_title":"border_hover","border_color_title":"","des":"","color_des":"#3c3c3c","fontsize_des":12,"mg_top_des":8,"enable_des_hover":false,"button":"","link":"shopify:\/\/collections\/collection-home-1-1","fontsize_btn":16,"button_width":190,"color_button":"#ffffff","border_color_button":"#232323","bg_color_button":"#232323","bg_color_button_gradient":"","color_button_hover":"#ffffff","border_color_button_hover":"#232323","bg_color_button_hover":"#232323","bg_color_button_gradient_hover":"","bg_opacity_button":1,"enable_button_custom_border":false,"btn_text_transform":"uppercase","btn_icon":"","mg_top_btn":30}},"163221535239da03ba-1":{"type":"image","settings":{"enable_image":true,"title_align":"center","enable_absolute":true,"align_items":"center","align_items_spacing_top_bottom_position":0,"align_items_spacing_top_bottom_position_mb":0,"bg_color_content":"","align_items_spacing_top":40,"align_items_spacing_bottom":40,"align_items_spacing_lr":10,"sub_title":"","border_sub_title":false,"color_sub_title":"#232323","fontsize_sub_title":20,"font_weight_sub_title":"500","mg_bottom_sub_title":10,"title":"SHOES","color_title":"#ffffff","fontsize_title":16,"fontsize_title_mb":20,"font_weight_title":"500","enable_style_italic":false,"border_title":"border_hover","border_color_title":"","des":"","color_des":"#3c3c3c","fontsize_des":12,"mg_top_des":8,"enable_des_hover":false,"button":"","link":"shopify:\/\/collections\/collection-home-1-2","fontsize_btn":16,"button_width":190,"color_button":"#ffffff","border_color_button":"#232323","bg_color_button":"#232323","bg_color_button_gradient":"","color_button_hover":"#ffffff","border_color_button_hover":"#232323","bg_color_button_hover":"#232323","bg_color_button_gradient_hover":"","bg_opacity_button":1,"enable_button_custom_border":false,"btn_text_transform":"uppercase","btn_icon":"","mg_top_btn":30}},"702bd0c5-dea1-41a7-bfa1-ae68809d92ad":{"type":"image","settings":{"enable_image":true,"title_align":"center","enable_absolute":true,"align_items":"center","align_items_spacing_top_bottom_position":0,"align_items_spacing_top_bottom_position_mb":0,"bg_color_content":"","align_items_spacing_top":40,"align_items_spacing_bottom":40,"align_items_spacing_lr":10,"sub_title":"","border_sub_title":false,"color_sub_title":"#232323","fontsize_sub_title":20,"font_weight_sub_title":"500","mg_bottom_sub_title":10,"title":"ACCESSORIES","color_title":"#ffffff","fontsize_title":16,"fontsize_title_mb":20,"font_weight_title":"500","enable_style_italic":false,"border_title":"border_hover","border_color_title":"","des":"","color_des":"#3c3c3c","fontsize_des":12,"mg_top_des":8,"enable_des_hover":false,"button":"","link":"shopify:\/\/collections\/collection-home-01-3","fontsize_btn":16,"button_width":190,"color_button":"#ffffff","border_color_button":"#232323","bg_color_button":"#232323","bg_color_button_gradient":"","color_button_hover":"#ffffff","border_color_button_hover":"#232323","bg_color_button_hover":"#232323","bg_color_button_gradient_hover":"","bg_opacity_button":1,"enable_button_custom_border":false,"btn_text_transform":"uppercase","btn_icon":"","mg_top_btn":30}}},"block_order":["163221535239da03ba-0","163221535239da03ba-1","702bd0c5-dea1-41a7-bfa1-ae68809d92ad"],"settings":{"container":"container","padding_full_width":0,"disable_padding_content":false,"mg_minus_desktop":0,"block_layout":"grid","spotlight_block_swipe_on_mobile":"list","column":"3","column_mb":"1","enable_arrows":true,"enable_arrows_mb":false,"position_horizontal_slick_arrow":"0","enable_dots":false,"enable_dots_mb":true,"display_border_bottom":false,"border_color":"#e3e3e3","mg_top_desktop":30,"mg_top_tablet":30,"mg_top_mobile":30,"mg_bottom_desktop":35,"mg_bottom_tablet":30,"mg_bottom_mobile":20,"spotlight_bg":"#ffffff","spotlight_bg_gradient":"","spotlight_block_title":"","enable_border_title":true,"color_title":"#232323","fontsize_title":16,"fontsize_title_mb":22,"margin_bottom_title":45,"spotlight_block_des":"","color_des":"#3c3c3c","margin_bottom_des":30,"fontsize_des":16,"title_align":"center","item_distance":15,"item_radius":0,"view_all":"","view_all_fs":12,"view_all_align":"center","font_weight_view_all":"400","mg_bottom_view":30,"enable_border_view_all":true,"link_view_all":"","color_view_all":"#3c3c3c","display_spotlight_button":false,"spotlight_button_text":"","spotlight_button_link":"","color_button":"#ffffff","border_color_button":"#232323","bg_color_button":"#232323","bg_color_gradient_button":"","color_button_hover":"#232323","border_color_button_hover":"#ffffff","bg_color_button_hover":"#ffffff","bg_color_gradient_button_hover":"","maxwidth_button":230,"mg_top_button":30,"enable_shadow":false,"shadow_horizontal_length":0,"shadow_vertical_length":0,"shadow_blur_radius":0,"shadow_spread":0,"shadow_color":"transparent","shadow_inset":"no","enable_plus_icon":false,"color_plus_icon":"#ffffff","enable_content_border":false,"content_border_color":"#e2e2e2"}},"163247026462da6862":{"type":"product-block","settings":{"container":"container","padding_full_width":0,"disable_padding_content":false,"enable_border_top":false,"enable_border_bottom":false,"border_height":1,"color_border_bottom":"#e8e8e8","enable_minus_mg_top":false,"minus_spacing_top":-100,"mg_top_desktop":20,"mg_top_tablet":15,"mg_top_mobile":15,"mg_bottom_desktop":70,"mg_bottom_tablet":50,"mg_bottom_mobile":40,"product_block_layout":"grid","product_bg":"#ffffff","product_bg_gradient":"","style_block_header":"style1","pd_top_title":30,"product_block_title":"New Arrivals","enable_border_title":true,"enable_border_title_style2":true,"fontsize_title":20,"fontsize_title_mb":20,"mg_bottom_title":14,"mg_bottom_title_mb":12,"border_color_title":"#232323","color_title":"#232323","view_all":"View All","view_all_align":"center","font_weight_view_all":"400","mg_bottom_view":20,"mg_bottom_view_mb":0,"enable_border_view_all":true,"link_view_all":"shopify:\/\/collections\/cosmopolis","color_view_all":"#3c3c3c","icon_view_all":"","color_view_all_icon":"#eb492f","title_align":"center","button_text":"Show More","button_text_font_size":14,"button_text_font_weight":"700","button_text_text_transform":"uppercase","product_button_width":270,"pd_top_product_button":10,"pd_bottom_product_button":10,"button_icon":"","mg_bottom_button":25,"enable_button_shadow":false,"color_button":"#ffffff","border_color_button":"#232323","bg_color_button":"#232323","bg_color_gradient_button":"","color_button_hover":"#232323","border_color_button_hover":"#232323","bg_color_button_hover":"#ffffff","bg_color_gradient_button_hover":"","product_block_collection":"accessories","product_block_limit":8,"grid_gap":30,"pb_style":"style1","style_countdown":"style_1","countdown":"","font_size_countdown_text":14,"color_countdown":"#f42b23","countdown_margin_left":15,"product_block_per_row":"4","product_block_infinite_scroll":false,"product_block_swipe_on_mobile":false,"enable_product_card_pd_bottom":false,"product_card_pd_bottom":40,"product_block_dots":false,"product_block_dots_mb":true,"spacing_top_dots":0,"product_block_arrows":true,"product_block_arrows_mb":false,"product_block_progress_bar":false,"product_block_counter_number":false,"product_block_show":"4","position_vertical_arrow":"70px","product_block_per_view":"4","show_half":true,"scroll_height":4,"scroll_track_bg":"#f1f1f1","scroll_thumb_color":"#000000","scroll_thumb_hover_color":"#444444","enable_hover_drag_icon":true,"position":"left","width_banner":40,"display_list_collection":false,"collection_color":"#202020","collection_color_hover":"#3e8cc4","collection_bg_color":"#ffffff","collection_bg_color_gradient":"","text_list":"View all categories","url_list":"","enable_layout_special":false,"bg_card":"#ffffff","padding_card":15,"border_radius_card":5,"border_layout_card":"full","border_width_card":5,"border_color_card":"#f0f1f4"}},"16323855104e3e74f6":{"type":"image-banner","blocks":{"99142e68-fc4d-465f-9710-6009d506c6d5":{"type":"largeImg","settings":{"enable_max_width_image":false,"custom_width_image":1170,"enable_scroll_down":false,"enable_custom_image":false,"image_behavior":"zoom-in","sub_title":"","border_sub_title":false,"font_size_sub_title":14,"font_size_sub_title_mb":14,"margin_bottom_sub_title":14,"sub_heading_font":"font_1","font_weight_sub_title":"700","sub_title_position":"sub_title_above","color_sub_title":"#232323","color_sub_title_mb":"#ffffff","heading":"Metropólis","letter_spacing_heading":"","enable_style_italic":false,"font_size_heading":40,"font_size_heading_mb":24,"margin_bottom_heading":20,"font_weight_heading":"600","color_heading":"#232323","color_heading_mb":"#ffffff","border_title":"border_s1","border_color_title":"#232323","border_color_title_mobile":"#ffffff","text":"Quisquemos sodales suscipit tortor ditaemcos condimentum de cosmo lacus meleifend menean diverra loremous.","font_size_des":12,"font_size_des_mb":12,"line_height_des":26,"margin_bottom_des":35,"color_des":"#232323","color_des_mb":"#ffffff","countdown":"","hide_countdown_fc":"countdown","countdown_style":"round","countdown_position":"countdown_below_desc","font_size_countdown_number":30,"font_size_countdown_text":14,"color_countdown":"#232323","color_countdown_mb":"#ffffff","countdown_margin_bottom":35,"content_width":475,"align":"center","align_items":"center","position":"right","custom_horizontal":"50","custom_vertical":"50","btn_text":"Shop Now","link":"shopify:\/\/collections\/new-in","btn_icon":"","button_1_width":235,"enable_button_custom_border":false,"button_color":"#ffffff","button_border":"#232323","button_background":"#232323","button_background_gradient":"","button_color_hover":"#232323","button_border_hover":"#232323","button_background_hover":"#ffffff","button_background_gradient_hover":"","btn_text_2":"","link_2":"","btn_icon_2":"","button_color_2":"#ffffff","button_border_2":"#232323","button_background_2":"#232323","button_background_2_gradient":"","button_color_hover_2":"#ffffff","button_border_hover_2":"#232323","button_background_hover_2":"#232323","button_background_gradient_hover_2":"","video_link":"","adaptive_height_video":"56","icon_style":"style_1","color_icon":"#ffffff","bg_color_icon":"#000000","enable_custom_video_icon_position":false,"video_icon_horizontal_position":"","video_icon_vertical_position":"","video_icon_horizontal_position_mb":"","video_icon_vertical_position_mb":""}}},"block_order":["99142e68-fc4d-465f-9710-6009d506c6d5"],"settings":{"id_section":"","container":"fullwidth","padding_full_width":0,"mg_top_desktop":0,"mg_top_tablet":0,"mg_top_mobile":0,"mg_bottom_desktop":35,"mg_bottom_tablet":30,"mg_bottom_mobile":20,"image_banner_title":"","enable_border_title":false,"color_title":"#202020","fontsize_title":24,"fontsize_title_mb":20,"margin_bottom_title":25,"image_banner_des":"","color_des":"#202020","fontsize_des":16,"title_align":"center","style_bg":"none","bg_color":"","bg_color_gradient":"","display_type":"slide","list_gap":0,"enable_arrows":false,"arrows_position":"","enable_dots":false,"enable_autoplay":false}},"16328142266b504c78":{"type":"product-block","settings":{"container":"container","padding_full_width":0,"disable_padding_content":false,"enable_border_top":false,"enable_border_bottom":false,"border_height":1,"color_border_bottom":"#e8e8e8","enable_minus_mg_top":false,"minus_spacing_top":-100,"mg_top_desktop":20,"mg_top_tablet":15,"mg_top_mobile":15,"mg_bottom_desktop":55,"mg_bottom_tablet":50,"mg_bottom_mobile":5,"product_block_layout":"slider","product_bg":"#ffffff","product_bg_gradient":"","style_block_header":"style1","pd_top_title":30,"product_block_title":"Trending Now","enable_border_title":true,"enable_border_title_style2":true,"fontsize_title":20,"fontsize_title_mb":20,"mg_bottom_title":14,"mg_bottom_title_mb":12,"border_color_title":"#232323","color_title":"#232323","view_all":"View All","view_all_align":"center","font_weight_view_all":"400","mg_bottom_view":20,"mg_bottom_view_mb":0,"enable_border_view_all":true,"link_view_all":"shopify:\/\/collections\/glamos","color_view_all":"#3c3c3c","icon_view_all":"","color_view_all_icon":"#eb492f","title_align":"center","button_text":"Show More","button_text_font_size":14,"button_text_font_weight":"500","button_text_text_transform":"uppercase","product_button_width":270,"pd_top_product_button":12,"pd_bottom_product_button":12,"button_icon":"","mg_bottom_button":55,"enable_button_shadow":false,"color_button":"#ffffff","border_color_button":"#232323","bg_color_button":"#232323","bg_color_gradient_button":"","color_button_hover":"","border_color_button_hover":"","bg_color_button_hover":"","bg_color_gradient_button_hover":"","product_block_collection":"collection-home-1-2","product_block_limit":6,"grid_gap":30,"pb_style":"style1","style_countdown":"style_1","countdown":"","font_size_countdown_text":14,"color_countdown":"#f42b23","countdown_margin_left":15,"product_block_per_row":"4","product_block_infinite_scroll":true,"product_block_swipe_on_mobile":false,"enable_product_card_pd_bottom":false,"product_card_pd_bottom":40,"product_block_dots":false,"product_block_dots_mb":true,"spacing_top_dots":0,"product_block_arrows":true,"product_block_arrows_mb":false,"product_block_progress_bar":false,"product_block_counter_number":false,"product_block_show":"4","position_vertical_arrow":"70px","product_block_per_view":"4","show_half":true,"scroll_height":4,"scroll_track_bg":"#f1f1f1","scroll_thumb_color":"#000000","scroll_thumb_hover_color":"#444444","enable_hover_drag_icon":true,"position":"left","width_banner":40,"display_list_collection":false,"collection_color":"#202020","collection_color_hover":"#3e8cc4","collection_bg_color":"#ffffff","collection_bg_color_gradient":"","text_list":"View all categories","url_list":"","enable_layout_special":false,"bg_card":"#ffffff","padding_card":15,"border_radius_card":5,"border_layout_card":"full","border_width_card":5,"border_color_card":"#f0f1f4"}},"1632296224c9e90203":{"type":"spotlight-block","blocks":{"1632296224c9e90203-0":{"type":"image","settings":{"enable_image":true,"title_align":"center","enable_absolute":false,"align_items":"center","align_items_spacing_top_bottom_position":0,"align_items_spacing_top_bottom_position_mb":0,"bg_color_content":"","align_items_spacing_top":0,"align_items_spacing_bottom":0,"align_items_spacing_lr":10,"sub_title":"","border_sub_title":false,"color_sub_title":"#232323","fontsize_sub_title":20,"font_weight_sub_title":"500","mg_bottom_sub_title":10,"title":"LOREM DE DORUS","color_title":"#232323","fontsize_title":20,"fontsize_title_mb":20,"font_weight_title":"500","enable_style_italic":false,"border_title":"border_hover","border_color_title":"","des":"Nullam aliquet vestibulum augue non varius. Cras cosmo congue an melitos. Dui del ante le maliquam. Praesent murna de tellus laoreet cosmopolis.","color_des":"#3c3c3c","fontsize_des":12,"mg_top_des":8,"enable_des_hover":false,"button":"Shop Now","link":"shopify:\/\/collections\/new-in","fontsize_btn":16,"button_width":190,"color_button":"#ffffff","border_color_button":"#232323","bg_color_button":"#232323","bg_color_button_gradient":"","color_button_hover":"#232323","border_color_button_hover":"#232323","bg_color_button_hover":"#ffffff","bg_color_button_gradient_hover":"","bg_opacity_button":1,"enable_button_custom_border":false,"btn_text_transform":"uppercase","btn_icon":"","mg_top_btn":30}},"1632296224c9e90203-1":{"type":"image","settings":{"enable_image":true,"title_align":"center","enable_absolute":false,"align_items":"center","align_items_spacing_top_bottom_position":0,"align_items_spacing_top_bottom_position_mb":0,"bg_color_content":"","align_items_spacing_top":0,"align_items_spacing_bottom":0,"align_items_spacing_lr":10,"sub_title":"","border_sub_title":false,"color_sub_title":"#232323","fontsize_sub_title":20,"font_weight_sub_title":"500","mg_bottom_sub_title":10,"title":"MILANCELOS LANOS","color_title":"#232323","fontsize_title":20,"fontsize_title_mb":20,"font_weight_title":"500","enable_style_italic":false,"border_title":"border_hover","border_color_title":"","des":"Nullam aliquet vestibulum augue non varius. Cras cosmo congue an melitos. Dui del ante le maliquam. Praesent murna de tellus laoreet cosmopolis.","color_des":"#3c3c3c","fontsize_des":12,"mg_top_des":8,"enable_des_hover":false,"button":"Shop Now","link":"shopify:\/\/collections\/new-in","fontsize_btn":16,"button_width":190,"color_button":"#ffffff","border_color_button":"#232323","bg_color_button":"#232323","bg_color_button_gradient":"","color_button_hover":"#232323","border_color_button_hover":"#232323","bg_color_button_hover":"#ffffff","bg_color_button_gradient_hover":"","bg_opacity_button":1,"enable_button_custom_border":false,"btn_text_transform":"uppercase","btn_icon":"","mg_top_btn":30}},"1632296224c9e90203-2":{"type":"image","settings":{"enable_image":true,"title_align":"center","enable_absolute":false,"align_items":"center","align_items_spacing_top_bottom_position":0,"align_items_spacing_top_bottom_position_mb":0,"bg_color_content":"","align_items_spacing_top":0,"align_items_spacing_bottom":0,"align_items_spacing_lr":10,"sub_title":"","border_sub_title":false,"color_sub_title":"#232323","fontsize_sub_title":20,"font_weight_sub_title":"500","mg_bottom_sub_title":10,"title":"COMO A MILANO","color_title":"#232323","fontsize_title":20,"fontsize_title_mb":20,"font_weight_title":"500","enable_style_italic":false,"border_title":"border_hover","border_color_title":"","des":"Nullam aliquet vestibulum augue non varius. Cras cosmo congue an melitos. Dui del ante le maliquam. Praesent murna de tellus laoreet cosmopolis.","color_des":"#3c3c3c","fontsize_des":12,"mg_top_des":8,"enable_des_hover":false,"button":"Shop Now","link":"shopify:\/\/collections\/new-in","fontsize_btn":16,"button_width":190,"color_button":"#ffffff","border_color_button":"#232323","bg_color_button":"#232323","bg_color_button_gradient":"","color_button_hover":"#232323","border_color_button_hover":"#232323","bg_color_button_hover":"#ffffff","bg_color_button_gradient_hover":"","bg_opacity_button":1,"enable_button_custom_border":false,"btn_text_transform":"uppercase","btn_icon":"","mg_top_btn":30}}},"block_order":["1632296224c9e90203-0","1632296224c9e90203-1","1632296224c9e90203-2"],"settings":{"container":"container","padding_full_width":0,"disable_padding_content":false,"mg_minus_desktop":0,"block_layout":"grid","spotlight_block_swipe_on_mobile":"slider","column":"3","column_mb":"1","enable_arrows":true,"enable_arrows_mb":false,"position_horizontal_slick_arrow":"0","enable_dots":false,"enable_dots_mb":true,"display_border_bottom":false,"border_color":"#e3e3e3","mg_top_desktop":20,"mg_top_tablet":0,"mg_top_mobile":25,"mg_bottom_desktop":65,"mg_bottom_tablet":85,"mg_bottom_mobile":70,"spotlight_bg":"#ffffff","spotlight_bg_gradient":"","spotlight_block_title":"Featured On Ella","enable_border_title":true,"color_title":"#232323","fontsize_title":20,"fontsize_title_mb":20,"margin_bottom_title":45,"spotlight_block_des":"","color_des":"#3c3c3c","margin_bottom_des":30,"fontsize_des":16,"title_align":"center","item_distance":15,"item_radius":0,"view_all":"","view_all_fs":12,"view_all_align":"center","font_weight_view_all":"400","mg_bottom_view":30,"enable_border_view_all":true,"link_view_all":"","color_view_all":"#3c3c3c","display_spotlight_button":false,"spotlight_button_text":"","spotlight_button_link":"","color_button":"#ffffff","border_color_button":"#232323","bg_color_button":"#232323","bg_color_gradient_button":"","color_button_hover":"#232323","border_color_button_hover":"#ffffff","bg_color_button_hover":"#ffffff","bg_color_gradient_button_hover":"","maxwidth_button":230,"mg_top_button":30,"enable_shadow":false,"shadow_horizontal_length":0,"shadow_vertical_length":0,"shadow_blur_radius":0,"shadow_spread":0,"shadow_color":"transparent","shadow_inset":"no","enable_plus_icon":false,"color_plus_icon":"#ffffff","enable_content_border":false,"content_border_color":"#e2e2e2"}},"1632304586ad9b5b3b":{"type":"brand-slider","blocks":{"41b12b4c-82b5-4352-8517-389aad8e189c":{"type":"image","settings":{"title":"","color_text":"#000000","color_text_hover":"#3e8cc4","description":"","color_des":"#3c3c3c","link":"https:\/\/new-ella-demo.myshopify.com\/collections\/vendors?q=Jimmy%20Choo"}},"bdae57c3-5b52-4a54-8e32-0a044b504263":{"type":"image","settings":{"title":"","color_text":"#000000","color_text_hover":"#3e8cc4","description":"","color_des":"#3c3c3c","link":"https:\/\/new-ella-demo.myshopify.com\/collections\/vendors?q=Jimmy%20Choo"}},"fcfce55e-8fe7-4a74-9144-b92bd0bc2b2c":{"type":"image","settings":{"title":"","color_text":"#000000","color_text_hover":"#3e8cc4","description":"","color_des":"#3c3c3c","link":"https:\/\/new-ella-demo.myshopify.com\/collections\/vendors?q=Jimmy%20Choo"}},"d436bd12-1274-4406-9390-e950151fbe8a":{"type":"image","settings":{"title":"","color_text":"#000000","color_text_hover":"#3e8cc4","description":"","color_des":"#3c3c3c","link":"https:\/\/new-ella-demo.myshopify.com\/collections\/vendors?q=Jimmy%20Choo"}},"f15bb8a5-40f9-4d63-97ab-a51b2e7a1420":{"type":"image","settings":{"title":"","color_text":"#000000","color_text_hover":"#3e8cc4","description":"","color_des":"#3c3c3c","link":"https:\/\/new-ella-demo.myshopify.com\/collections\/vendors?q=Jimmy%20Choo"}},"e6a19dc6-2aec-4512-92b1-383a2457fd78":{"type":"image","settings":{"title":"","color_text":"#000000","color_text_hover":"#3e8cc4","description":"","color_des":"#3c3c3c","link":"https:\/\/new-ella-demo.myshopify.com\/collections\/vendors?q=Jimmy%20Choo"}},"70c98209-e556-47a8-905c-ef59a3cbdafa":{"type":"image","settings":{"title":"","color_text":"#000000","color_text_hover":"#3e8cc4","description":"","color_des":"#3c3c3c","link":"https:\/\/new-ella-demo.myshopify.com\/collections\/vendors?q=Jimmy%20Choo"}}},"block_order":["41b12b4c-82b5-4352-8517-389aad8e189c","bdae57c3-5b52-4a54-8e32-0a044b504263","fcfce55e-8fe7-4a74-9144-b92bd0bc2b2c","d436bd12-1274-4406-9390-e950151fbe8a","f15bb8a5-40f9-4d63-97ab-a51b2e7a1420","e6a19dc6-2aec-4512-92b1-383a2457fd78","70c98209-e556-47a8-905c-ef59a3cbdafa"],"settings":{"container":"container","padding_full_width":0,"brands_block_style":"style_1","brand_layout":"slider","scroll_from":"ltr","brand_scroll_time":"20","display_brand_border":true,"brand_bg":"#ffffff","brand_bg_gradient":"","title_align":"center","brand_title":"","color_title":"#232323","fontsize_title":16,"fontsize_title_mb":16,"mg_bottom_title":12,"enable_background_title":false,"enable_border_title":false,"border_color_title":"#051c42","brand_des":"","color_des":"#3c3c3c","fontsize_des":12,"mg_bottom_des":0,"view_all":"","view_all_fs":12,"font_weight_view_all":"400","mg_bottom_view":30,"enable_border_view_all":true,"link_view_all":"","color_view_all":"#3c3c3c","icon_view_all":"","color_view_all_icon":"#eb492f","view_all_icon_side":"left","btn_text":"","fontsize_btn":12,"btn_spacing_top":15,"btn_color":"#828282","btn_link":"","enable_autoplay":false,"brand_speed":"3000","brand_rows":"5","enable_arrows":true,"enable_dots":false,"enable_center_mode":false,"style_position_arrows":"none","position_horizontal_arrow":15,"color_arrow":"","arrow_background":"","arrow_background_gradient":"","arrow_border":"","color_arrow_hover":"","arrow_background_hover":"","arrow_background_gradient_hover":"","arrow_border_hover":"","brand_rows_mb":"1","brand_image_ratio":"adapt","item_distance":15,"margin_bottom_image":0,"brand_item_border":"none","border_radius":0,"border_color":"#e2e5e7","border_color_hover":"#2d2d2d","hover_effect":"zoom","color_underline_image_hover":"#000000","fontsize_text":16,"fontsize_text_mb":13,"font_weight_title":"400","margin_bottom_title":0,"mg_top_desktop":15,"mg_top_tablet":15,"mg_top_mobile":15,"mg_bottom_desktop":20,"mg_bottom_tablet":20,"mg_bottom_mobile":20}},"1632364695b0f88b4f":{"type":"instagram","blocks":{"566545cd-024f-4585-941a-d5bd625fbe4c":{"type":"instagram","settings":{"enable":true,"link":"shopify:\/\/collections\/cosmopolitan"}},"c9c82244-f352-45ee-b86c-a77b2765317a":{"type":"instagram","settings":{"enable":true,"link":""}},"2608f7ec-f962-4cc2-ab46-c0dcd2d419a7":{"type":"instagram","settings":{"enable":true,"link":""}},"fc8fa6da-8960-435b-a1f5-9c39e2f4c91d":{"type":"instagram","settings":{"enable":true,"link":""}},"e88c11d8-b10c-4b36-b3c0-148f7e6a87ec":{"type":"instagram","settings":{"enable":true,"link":""}},"ffc0ea8b-3b8d-4158-908a-92f9ecdc03b4":{"type":"instagram","settings":{"enable":true,"link":""}},"10cdc233-191c-45f5-ac5a-a229cee6856b":{"type":"instagram","settings":{"enable":true,"link":""}}},"block_order":["566545cd-024f-4585-941a-d5bd625fbe4c","c9c82244-f352-45ee-b86c-a77b2765317a","2608f7ec-f962-4cc2-ab46-c0dcd2d419a7","fc8fa6da-8960-435b-a1f5-9c39e2f4c91d","e88c11d8-b10c-4b36-b3c0-148f7e6a87ec","ffc0ea8b-3b8d-4158-908a-92f9ecdc03b4","10cdc233-191c-45f5-ac5a-a229cee6856b"],"settings":{"container":"container","padding_full_width":0,"disable_padding_content":false,"type_instagram":"default","block_layout":"slider","scroll_from":"rtl","scroll_time":"30","mg_top_desktop":55,"mg_top_tablet":35,"mg_top_mobile":35,"mg_bottom_desktop":70,"mg_bottom_tablet":50,"mg_bottom_mobile":50,"enable_border_instagram":false,"instagram_border_color":"#e6e6e6","instagram_bg":"#fafafa","instagram_bg_gradient":"","instagram_title":"<svg aria-hidden=\"true\" focusable=\"false\" data-prefix=\"fab\" data-icon=\"instagram\" role=\"img\" xmlns=\"http:\/\/www.w3.org\/2000\/svg\" viewbox=\"0 0 448 512\" class=\"svg-inline--fa fa-instagram fa-w-14 fa-7x\"><path fill=\"currentColor\" d=\"M224.1 141c-63.6 0-114.9 51.3-114.9 114.9s51.3 114.9 114.9 114.9S339 319.5 339 255.9 287.7 141 224.1 141zm0 189.6c-41.1 0-74.7-33.5-74.7-74.7s33.5-74.7 74.7-74.7 74.7 33.5 74.7 74.7-33.6 74.7-74.7 74.7zm146.4-194.3c0 14.9-12 26.8-26.8 26.8-14.9 0-26.8-12-26.8-26.8s12-26.8 26.8-26.8 26.8 12 26.8 26.8zm76.1 27.2c-1.7-35.9-9.9-67.7-36.2-93.9-26.2-26.2-58-34.4-93.9-36.2-37-2.1-147.9-2.1-184.9 0-35.8 1.7-67.6 9.9-93.9 36.1s-34.4 58-36.2 93.9c-2.1 37-2.1 147.9 0 184.9 1.7 35.9 9.9 67.7 36.2 93.9s58 34.4 93.9 36.2c37 2.1 147.9 2.1 184.9 0 35.9-1.7 67.7-9.9 93.9-36.2 26.2-26.2 34.4-58 36.2-93.9 2.1-37 2.1-147.8 0-184.8zM398.8 388c-7.8 19.6-22.9 34.7-42.6 42.6-29.5 11.7-99.5 9-132.1 9s-102.7 2.6-132.1-9c-19.6-7.8-34.7-22.9-42.6-42.6-11.7-29.5-9-99.5-9-132.1s-2.6-102.7 9-132.1c7.8-19.6 22.9-34.7 42.6-42.6 29.5-11.7 99.5-9 132.1-9s102.7-2.6 132.1 9c19.6 7.8 34.7 22.9 42.6 42.6 11.7 29.5 9 99.5 9 132.1s2.7 102.7-9 132.1z\" class=\"\"><\/path><\/svg>#ELLA ON INSTAGRAM","enable_border_title":false,"border_color_title":"#232323","color_title":"#232323","mg_bottom_title":15,"fontsize_title":20,"fontsize_title_mb":20,"instagram_des":"Phasellus lorem malesuada ligula pulvinar commodo maecenas","color_des":"#3c3c3c","fontsize_des":12,"margin_bottom_des":35,"content_width":375,"title_align":"center","view_all":"","view_all_fs":12,"view_all_align":"center","font_weight_view_all":"400","mg_bottom_view":30,"enable_border_view_all":true,"link_view_all":"","color_view_all":"#3c3c3c","display_instagram_button":true,"instagram_button_text":"View Gallery","type_button_more":"link","instagram_button_link":"shopify:\/\/collections\/congue","enable_underline_button":false,"color_button":"#ffffff","border_color_button":"#232323","bg_color_button":"#232323","bg_color_gradient_button":"","color_button_hover":"#232323","border_color_button_hover":"#232323","bg_color_button_hover":"#ffffff","bg_color_gradient_button_hover":"","maxwidth_button":230,"mg_top_button":30,"embed_code":"","type_instagram_by_gallery":"popup_image","images_per_row":"5","instagram_item_limit":5,"grid_gap":5,"enable_hide_portion":false,"slide_ins":"default_ins","display_arrow":true,"icon_for_image":"","icon_style":"style_1","effects_bg":"","effects_opacity":0}}},"order":["16321237356a896dad","163221535239da03ba","163247026462da6862","16323855104e3e74f6","16328142266b504c78","1632296224c9e90203","1632304586ad9b5b3b","1632364695b0f88b4f"]}